<?xml version="1.0" encoding="UTF-8"?>
<!--
  ~    Copyright (c) 2018-2025, lengleng All rights reserved.
  ~
  ~ Redistribution and use in source and binary forms, with or without
  ~ modification, are permitted provided that the following conditions are met:
  ~
  ~ Redistributions of source code must retain the above copyright notice,
  ~ this list of conditions and the following disclaimer.
  ~ Redistributions in binary form must reproduce the above copyright
  ~ notice, this list of conditions and the following disclaimer in the
  ~ documentation and/or other materials provided with the distribution.
  ~ Neither the name of the pig4cloud.com developer nor the names of its
  ~ contributors may be used to endorse or promote products derived from
  ~ this software without specific prior written permission.
  ~ Author: lengleng (wangiegie@gmail.com)
  -->

<!DOCTYPE mapper PUBLIC "-//mybatis.org//DTD Mapper 3.0//EN" "http://mybatis.org/dtd/mybatis-3-mapper.dtd">
<mapper namespace="com.github.pig.admin.mapper.SysDeptMapper">

    <!-- 通用查询映射结果 -->
    <resultMap id="BaseResultMap" type="com.github.pig.admin.model.entity.SysDept">
        <id column="dept_id" property="deptId"/>
        <result column="name" property="name"/>
        <result column="order_num" property="orderNum"/>
        <result column="create_time" property="createTime"/>
        <result column="update_time" property="updateTime"/>
        <result column="del_flag" property="delFlag"/>
    </resultMap>

    <!-- 通用查询结果列 -->
    <sql id="Base_Column_List">
        dept_id AS deptId, parent_id AS parentId, name, order_num AS orderNum, create_time AS createTime, update_time AS updateTime, del_flag AS delFlag
    </sql>
    <delete id="deleteDeptRealtion">
        DELETE
        FROM
            sys_dept_relation
        WHERE
            descendant IN (
                SELECT
                    temp.descendant
                FROM
                    (
                        SELECT
                            descendant
                        FROM
                            sys_dept_relation
                        WHERE
                            ancestor = #{id}
                    ) temp
            )
    </delete>

    <!--关联查询部门列表-->
    <select id="selectDeptDtoList" resultType="com.github.pig.admin.model.entity.SysDept">
		SELECT
			t.*
		FROM
			sys_dept t
		LEFT JOIN sys_dept_relation dr ON t.dept_id = dr.descendant
		WHERE dr.ancestor = 0
	</select>
</mapper>
