<?xml version="1.0" encoding="UTF-8"?>
<!--
  ~    Copyright (c) 2018-2025, lengleng All rights reserved.
  ~
  ~ Redistribution and use in source and binary forms, with or without
  ~ modification, are permitted provided that the following conditions are met:
  ~
  ~ Redistributions of source code must retain the above copyright notice,
  ~ this list of conditions and the following disclaimer.
  ~ Redistributions in binary form must reproduce the above copyright
  ~ notice, this list of conditions and the following disclaimer in the
  ~ documentation and/or other materials provided with the distribution.
  ~ Neither the name of the pig4cloud.com developer nor the names of its
  ~ contributors may be used to endorse or promote products derived from
  ~ this software without specific prior written permission.
  ~ Author: lengleng (wangiegie@gmail.com)
  -->

<!DOCTYPE mapper PUBLIC "-//mybatis.org//DTD Mapper 3.0//EN" "http://mybatis.org/dtd/mybatis-3-mapper.dtd">
<mapper namespace="com.github.pig.admin.mapper.SysZuulRouteMapper">

    <!-- 通用查询映射结果 -->
    <resultMap id="BaseResultMap" type="com.github.pig.common.entity.SysZuulRoute">
        <id column="id" property="id" />
        <result column="path" property="path" />
        <result column="service_id" property="serviceId" />
        <result column="url" property="url" />
        <result column="strip_prefix" property="stripPrefix" />
        <result column="retryable" property="retryable" />
        <result column="enabled" property="enabled" />
        <result column="sensitiveHeaders_list" property="sensitiveheadersList" />
        <result column="create_time" property="createTime" />
        <result column="update_time" property="updateTime" />
        <result column="del_flag" property="delFlag" />
    </resultMap>

    <!-- 通用查询结果列 -->
    <sql id="Base_Column_List">
        id, path, service_id AS serviceId, url, strip_prefix AS stripPrefix, retryable, enabled, sensitiveHeaders_list AS sensitiveheadersList, create_time AS createTime, update_time AS updateTime, del_flag AS delFlag
    </sql>

</mapper>
